﻿<LibraryDocument xmlns:xsi="http://www.w3.org/2001/XMLSchema-instance" xmlns:xsd="http://www.w3.org/2001/XMLSchema">
  <Properties>
    <Property Name="AUTHORING_SCOPE" Value="ScopeId_7520050B-F9BC-452E-AD92-210A44FC8FDE" />
  </Properties>
  <Contents />
  <EntryObjects>
    <Object Path="SMS_TaskSequencePackage.PackageID='PS200627'" Type="SMS_TaskSequencePackage" />
    <Object Path="SMS_TaskSequencePackage.PackageID='PS200629'" Type="SMS_TaskSequencePackage" />
    <Object Path="SMS_TaskSequencePackage.PackageID='PS20062A'" Type="SMS_TaskSequencePackage" />
    <Object Path="SMS_TaskSequencePackage.PackageID='PS20062D'" Type="SMS_TaskSequencePackage" />
    <Object Path="SMS_TaskSequencePackage.PackageID='PS20062E'" Type="SMS_TaskSequencePackage" />
  </EntryObjects>
</LibraryDocument>